{"name":"Arnel Lee and Gary Lum, DDS","skills":["General Dentistry","Cosmetic Dentists"],"city":"Cupertino","address":"10251 Torre Ave, Cupertino","country":"US","state":"CA","voters":["chandan"],"type":"Doctor","permalink":"doctor_general_dentistry_arnel_lee_and_gary_lum_dds_cupertino_ca_us1442035325627"}
{"name":"Cupertino Dental Group","skills":["General Dentistry"],"city":"Cupertino","address":"10383 Torre Ave, Cupertino","country":"US","state":"CA","voters":["chandan"],"type":"Doctor","permalink":"doctor_general_dentistry_cupertino_dental_group_cupertino_ca_us1442035326389"}
{"name":"Teresa Y Chan, DDS","skills":["General Dentistry"],"city":"Cupertino","address":"10363 Torre Ave, Ste E, Cupertino","country":"US","state":"CA","voters":["chandan"],"type":"Doctor","permalink":"doctor_general_dentistry_teresa_y_chan_dds_cupertino_ca_us1442035326430"}
{"name":"Patricia E Lee, DDS","skills":["General Dentistry"],"city":"Cupertino","address":"10251 Torre Ave, Cupertino","country":"US","state":"CA","voters":["chandan"],"type":"Doctor","permalink":"doctor_general_dentistry_patricia_e_lee_dds_cupertino_ca_us1442035326654"}
{"name":"Becky Gong, DDS","skills":["General Dentistry","Cosmetic Dentists"],"city":"Cupertino","address":"10363 Torre Ave, Cupertino","country":"US","state":"CA","voters":["chandan"],"type":"Doctor","permalink":"doctor_general_dentistry_becky_gong_dds_cupertino_ca_us1442035326688"}
{"name":"Davis Leon, DDS","skills":["General Dentistry"],"city":"Cupertino","address":"10430 S De Anza Blvd, Cupertino","country":"US","state":"CA","voters":["chandan"],"type":"Doctor","permalink":"doctor_general_dentistry_davis_leon_dds_cupertino_ca_us1442035326720"}
{"name":"Ellen Peng, DDS","skills":["General Dentistry"],"city":"Cupertino","address":"19668 Stevens Creek Blvd, Cupertino","country":"US","state":"CA","voters":["chandan"],"type":"Doctor","permalink":"doctor_general_dentistry_ellen_peng_dds_cupertino_ca_us1442035326747"}
{"name":"Alpine Dental Care","skills":["General Dentistry"],"city":"Cupertino","address":"19028 Stevens Creek Blvd, Cupertino","country":"US","state":"CA","voters":["chandan"],"type":"Doctor","permalink":"doctor_general_dentistry_alpine_dental_care_cupertino_ca_us1442035326769"}
{"name":"Neeshat S Khan, DDS","skills":["Endodontists","Orthodontists"],"city":"Cupertino","address":"21672 Granada Ave, Cupertino","country":"US","state":"CA","voters":["chandan"],"type":"Doctor","permalink":"doctor_endodontists_neeshat_s_khan_dds_cupertino_ca_us1442035326784"}
{"name":"John H Brown, DDS","skills":["Cosmetic Dentists","Periodontists"],"city":"Cupertino","address":"10090 Pasadena Ave, Cupertino","country":"US","state":"CA","voters":["chandan"],"type":"Doctor","permalink":"doctor_cosmetic_dentists_john_h_brown_dds_cupertino_ca_us1442035326798"}
{"name":"Mulcahy Family Dentistry","skills":["General Dentistry"],"city":"Palo Alto","address":"1795 El Camino Real, Palo Alto","country":"US","state":"CA","voters":["chandan"],"type":"Doctor","permalink":"doctor_general_dentistry_mulcahy_family_dentistry_palo_alto_ca_us1442035326815"}
{"name":"Kris S Hamamoto, DDS","skills":["General Dentistry","Cosmetic Dentists"],"city":"Palo Alto","address":"409 Cambridge Ave, Palo Alto","country":"US","state":"CA","voters":["chandan"],"type":"Doctor","permalink":"doctor_general_dentistry_kris_s_hamamoto_dds_palo_alto_ca_us1442035326842"}
{"name":"Boyarsky Harvey, DMD","skills":["General Dentistry"],"city":"Palo Alto","address":"888 Middlefield Rd, Palo Alto","country":"US","state":"CA","voters":["chandan"],"type":"Doctor","permalink":"doctor_general_dentistry_boyarsky_harvey_dmd_palo_alto_ca_us1442035326867"}
{"name":"Gregory Tseng, DDS","skills":["General Dentistry"],"city":"Palo Alto","address":"251 High St, Palo Alto","country":"US","state":"CA","voters":["chandan"],"type":"Doctor","permalink":"doctor_general_dentistry_gregory_tseng_dds_palo_alto_ca_us1442035326902"}
{"name":"Ala Din, DDS","skills":["General Dentistry"],"city":"Palo Alto","address":"905 Middlefield Rd, Palo Alto","country":"US","state":"CA","voters":["chandan"],"type":"Doctor","permalink":"doctor_general_dentistry_ala_din_dds_palo_alto_ca_us1442035326944"}
{"name":"Dennis Wu, DDS","skills":["General Dentistry","Cosmetic Dentists"],"city":"Palo Alto","address":"4153 El Camino Way, Ste B, Palo Alto","country":"US","state":"CA","voters":["chandan"],"type":"Doctor","permalink":"doctor_general_dentistry_dennis_wu_dds_palo_alto_ca_us1442035327001"}
{"name":"Ihab Andrawess, DMD","skills":["General Dentistry","Cosmetic Dentists"],"city":"Palo Alto","address":"655 Homer Ave, Palo Alto","country":"US","state":"CA","voters":["chandan"],"type":"Doctor","permalink":"doctor_general_dentistry_ihab_andrawess_dmd_palo_alto_ca_us1442035327042"}
{"name":"Palo Alto Dental Group","skills":["General Dentistry"],"city":"Palo Alto","address":"511 Byron St, Palo Alto","country":"US","state":"CA","voters":["chandan"],"type":"Doctor","permalink":"doctor_general_dentistry_palo_alto_dental_group_palo_alto_ca_us1442035327057"}
{"name":"Scott S Pyon, DDS","skills":["General Dentistry"],"city":"Palo Alto","address":"405 Cambridge Ave, Palo Alto","country":"US","state":"CA","voters":["chandan"],"type":"Doctor","permalink":"doctor_general_dentistry_scott_s_pyon_dds_palo_alto_ca_us1442035327081"}
{"name":"Doran Lori L, DDS","skills":["General Dentistry"],"city":"Palo Alto","address":"660 Middlefield Rd, Palo Alto","country":"US","state":"CA","voters":["chandan"],"type":"Doctor","permalink":"doctor_general_dentistry_doran_lori_l_dds_palo_alto_ca_us1442035327119"}
{"name":"Phillip T Fletcher, DDS","skills":["General Dentistry"],"city":"Palo Alto","address":"4157 El Camino Way, Palo Alto","country":"US","state":"CA","voters":["chandan"],"type":"Doctor","permalink":"doctor_general_dentistry_phillip_t_fletcher_dds___1442035327153"}
{"name":"Nidhi A Pai, DMD","skills":["Cosmetic Dentists","General Dentistry"],"city":"Palo Alto","address":"2290 Birch St, Palo Alto","country":"US","state":"CA","voters":["chandan"],"type":"Doctor","permalink":"doctor_cosmetic_dentists_nidhi_a_pai_dmd___1442035327195"}
{"name":"Sarah Nabai, DDS","skills":["General Dentistry"],"city":"Palo Alto","address":"826 Bryant St, Palo Alto","country":"US","state":"CA","voters":["chandan"],"type":"Doctor","permalink":"doctor_general_dentistry_sarah_nabai_dds___1442035327227"}
{"name":"Dean W Clark, DDS","skills":["General Dentistry"],"city":"Palo Alto","address":"2875 Middlefield Rd, Palo Alto","country":"US","state":"CA","voters":["chandan"],"type":"Doctor","permalink":"doctor_general_dentistry_dean_w_clark_dds___1442035327248"}
{"name":"McKenna Family Dentistry","skills":["General Dentistry"],"city":"Palo Alto","address":"1691 El Camino Real, Palo Alto","country":"US","state":"CA","voters":["chandan"],"type":"Doctor","permalink":"doctor_general_dentistry_mckenna_family_dentistry___1442035327321"}
{"name":"Victoria Berezina, DDS","skills":["General Dentistry"],"city":"Palo Alto","address":"900 Welch Rd, Palo Alto","country":"US","state":"CA","voters":["chandan"],"type":"Doctor","permalink":"doctor_general_dentistry_victoria_berezina_dds___1442035327394"}
{"name":"Christine E Hansen, DDS","skills":["General Dentistry"],"city":"Palo Alto","address":"416 Waverley St, Palo Alto","country":"US","state":"CA","voters":["chandan"],"type":"Doctor","permalink":"doctor_general_dentistry_christine_e_hansen_dds___1442035327420"}
{"name":"Rabindra Sahdev, DDS","skills":["General Dentistry"],"city":"Palo Alto","address":"882 C Emerson St, Palo Alto","country":"US","state":"CA","voters":["chandan"],"type":"Doctor","permalink":"doctor_general_dentistry_rabindra_sahdev_dds___1442035327461"}
{"name":"Palo Alto Advanced Dentists","skills":["General Dentistry"],"city":"Palo Alto","address":"4191 El Camino Real, Palo Alto","country":"US","state":"CA","voters":["chandan"],"type":"Doctor","permalink":"doctor_general_dentistry_palo_alto_advanced_dentists___1442035327611"}
{"name":"Scott C Baird, DMD","skills":["Oral Surgeons","General Dentistry"],"city":"Palo Alto","address":"720 Cowper St, Palo Alto","country":"US","state":"CA","voters":["chandan"],"type":"Doctor","permalink":"doctor_oral_surgeons_scott_c_baird_dmd___1442035327654"}
{"name":"Sunnyvale Town Center Dental Group","skills":["General Dentistry","Cosmetic Dentists"],"city":"Sunnyvale","address":"333 W Maude Ave, Sunnyvale","country":"US","state":"CA","voters":["chandan"],"type":"Doctor","permalink":"doctor_general_dentistry_sunnyvale_town_center_dental_group_sunnyvale_ca_us1442035327682"}
{"name":"Esther Lee, DMD","skills":["General Dentistry"],"city":"Sunnyvale","address":"1021 S Wolfe Rd, Sunnyvale","country":"US","state":"CA","voters":["chandan"],"type":"Doctor","permalink":"doctor_general_dentistry_esther_lee_dmd_sunnyvale_ca_us1442035327713"}
{"name":"David C Li, DDS","skills":["Cosmetic Dentists","General Dentistry"],"city":"Sunnyvale","address":"990 W Fremont Ave, Sunnyvale","country":"US","state":"CA","voters":["chandan"],"type":"Doctor","permalink":"doctor_cosmetic_dentists_david_c_li_dds_sunnyvale_ca_us1442035327733"}
{"name":"Sunnyvale Dental Aesthetics - Dr David Meng, DDS","skills":["Cosmetic Dentists","General Dentistry"],"city":"Sunnyvale","address":"1286 Kifer Rd, Sunnyvale","country":"US","state":"CA","voters":["chandan"],"type":"Doctor","permalink":"doctor_cosmetic_dentists_sunnyvale_dental_aesthetics__dr_david_meng_dds_sunnyvale_ca_us1442035327752"}
{"name":"Barry Kliger, DDS","skills":["General Dentistry"],"city":"Sunnyvale","address":"1260 Persian Dr, Sunnyvale","country":"US","state":"CA","voters":["chandan"],"type":"Doctor","permalink":"doctor_general_dentistry_barry_kliger_dds_sunnyvale_ca_us1442035327769"}
{"name":"Jennifer Wu, DDS","skills":["Dentists"],"city":"Sunnyvale","address":"877 W Fremont Ave, Sunnyvale","country":"US","state":"CA","voters":["chandan"],"type":"Doctor","permalink":"doctor_dentists_jennifer_wu_dds_sunnyvale_ca_us1442035327786"}
{"name":"Steven Bo, DDS","skills":["General Dentistry","Cosmetic Dentists"],"city":"Sunnyvale","address":"1565 Hollenbeck Ave, Sunnyvale","country":"US","state":"CA","voters":["chandan"],"type":"Doctor","permalink":"doctor_general_dentistry_steven_bo_dds_sunnyvale_ca_us1442035327803"}
{"name":"Christopher J Kim, DDS","skills":["General Dentistry","Cosmetic Dentists"],"city":"Sunnyvale","address":"1002 E El Camino Real, Sunnyvale","country":"US","state":"CA","voters":["chandan"],"type":"Doctor","permalink":"doctor_general_dentistry_christopher_j_kim_dds_sunnyvale_ca_us1442035327828"}
{"name":"Unique Dental Care","skills":["General Dentistry"],"city":"Sunnyvale","address":"251 S Mary Ave, Sunnyvale","country":"US","state":"CA","voters":["chandan"],"type":"Doctor","permalink":"doctor_general_dentistry_unique_dental_care_sunnyvale_ca_us1442035327843"}
{"name":"Sunnyvale Smile","skills":["General Dentistry"],"city":"Sunnyvale","address":"990 W Fremont Ave, Sunnyvale","country":"US","state":"CA","voters":["chandan"],"type":"Doctor","permalink":"doctor_general_dentistry_sunnyvale_smile_sunnyvale_ca_us1442035327857"}
{"name":"John Ashton Vellequette, DDS","skills":["Cosmetic Dentists","General Dentistry"],"city":"Sunnyvale","address":"877 W Fremont Ave, Ste L-3, Sunnyvale","country":"US","state":"CA","voters":["chandan"],"type":"Doctor","permalink":"doctor_cosmetic_dentists_john_ashton_vellequette_dds_sunnyvale_ca_us1442035327880"}
{"name":"Kifer Park Dental","skills":["Cosmetic Dentists","General Dentistry"],"city":"Sunnyvale","address":"1296 Kifer Rd, Sunnyvale","country":"US","state":"CA","voters":["chandan"],"type":"Doctor","permalink":"doctor_cosmetic_dentists_kifer_park_dental_sunnyvale_ca_us1442035327911"}
{"name":"Mary Dental","skills":["General Dentistry","Cosmetic Dentists"],"city":"Sunnyvale","address":"415 N Mary Ave, Sunnyvale","country":"US","state":"CA","voters":["chandan"],"type":"Doctor","permalink":"doctor_general_dentistry_mary_dental_sunnyvale_ca_us1442035327943"}
{"name":"Alan T Poon, DDS","skills":["Dentists"],"city":"Sunnyvale","address":"425 E Remington Dr, Sunnyvale","country":"US","state":"CA","voters":["chandan"],"type":"Doctor","permalink":"doctor_dentists_alan_t_poon_dds_sunnyvale_ca_us1442035327973"}
{"name":"Dennis Macaulay, DDS","skills":["Oral Surgeons","Endodontists"],"city":"Sunnyvale","address":"584 South Mathilda Avenue, Sunnyvale","country":"US","state":"CA","voters":["chandan"],"type":"Doctor","permalink":"doctor_oral_surgeons_dennis_macaulay_dds_sunnyvale_ca_us1442035327990"}
{"name":"Barniv Dental","skills":["General Dentistry","Cosmetic Dentists"],"city":"Sunnyvale","address":"1210 E Arques Ave, Sunnyvale","country":"US","state":"CA","voters":["chandan"],"type":"Doctor","permalink":"doctor_general_dentistry_barniv_dental_sunnyvale_ca_us1442035328001"}
{"name":"Ratna Indah, DMD","skills":["Cosmetic Dentists","General Dentistry"],"city":"Sunnyvale","address":"877 W Fremont Ave, Sunnyvale","country":"US","state":"CA","voters":["chandan"],"type":"Doctor","permalink":"doctor_cosmetic_dentists_ratna_indah_dmd_sunnyvale_ca_us1442035328014"}
{"name":"Michael P Cheng, DDS","skills":["General Dentistry"],"city":"Sunnyvale","address":"1286 Kifer Rd, Sunnyvale","country":"US","state":"CA","voters":["chandan"],"type":"Doctor","permalink":"doctor_general_dentistry_michael_p_cheng_dds_sunnyvale_ca_us1442035328029"}
{"name":"Todd Lewis, MD","skills":["Pediatricians"],"city":"Cupertino","address":"7225 Rainbow Dr, Cupertino","country":"US","state":"CA","voters":["chandan"],"type":"Doctor","permalink":"doctor_pediatricians_todd_lewis_md_cupertino_ca_us1442035328042"}
{"name":"Cupertino Pediatrics","skills":["Pediatricians"],"city":"Cupertino","address":"10430 South De Anza Blvd, Cupertino","country":"US","state":"CA","voters":["chandan"],"type":"Doctor","permalink":"doctor_pediatricians_cupertino_pediatrics_cupertino_ca_us1442035328053"}
{"name":"Gloria F Lo, MD","skills":["Pediatricians"],"city":"Cupertino","address":"10050 Imperial Ave, Cupertino","country":"US","state":"CA","voters":["chandan"],"type":"Doctor","permalink":"doctor_pediatricians_gloria_f_lo_md_cupertino_ca_us1442035328093"}
{"name":"Navneet Singh, MD","skills":["Pediatricians"],"city":"San Jose","address":"7225 Rainbow Dr, San Jose","country":"US","state":"CA","voters":["chandan"],"type":"Doctor","permalink":"doctor_pediatricians_navneet_singh_md_san_jose_ca_us1442035328117"}
{"name":"Kelly A Troiano, MD","skills":["Pediatricians"],"city":"San Jose","address":"7225 Rainbow Dr, San Jose","country":"US","state":"CA","voters":["chandan"],"type":"Doctor","permalink":"doctor_pediatricians_kelly_a_troiano_md_san_jose_ca_us1442035328138"}
{"name":"Arti Jain, MD, FAAP","skills":["Pediatricians"],"city":"Sunnyvale","address":"860 E Remington Dr, Sunnyvale","country":"US","state":"CA","voters":["chandan"],"type":"Doctor","permalink":"doctor_pediatricians_arti_jain_md_faap_sunnyvale_ca_us1442035328157"}
{"name":"Elizabeth Copeland, MD","skills":["Pediatricians"],"city":"San Jose","address":"7225 Rainbow Dr, San Jose","country":"US","state":"CA","voters":["chandan"],"type":"Doctor","permalink":"doctor_pediatricians_elizabeth_copeland_md_san_jose_ca_us1442035328178"}
{"name":"Melanie Klein, MD","skills":["Pediatricians"],"city":"Sunnyvale","address":"301 Old San Francisco Rd, Sunnyvale","country":"US","state":"CA","voters":["chandan"],"type":"Doctor","permalink":"doctor_pediatricians_melanie_klein_md_sunnyvale_ca_us1442035328197"}
{"name":"Dr Patricia Lee, MD","skills":["Pediatricians"],"city":"Sunnyvale","address":"201 Old San Francisco Rd, Sunnyvale","country":"US","state":"CA","voters":["chandan"],"type":"Doctor","permalink":"doctor_pediatricians_dr_patricia_lee_md_sunnyvale_ca_us1442035328209"}
{"name":"Anita R Juvvadi, MD - Pediatrician","skills":["Pediatricians"],"city":"Mountain View","address":"2500 Hospital Dr # 14A, Mountain View","country":"US","state":"CA","voters":["chandan"],"type":"Doctor","permalink":"doctor_pediatricians_anita_r_juvvadi_md__pediatrician_mountain_view_ca_us1442035328234"}
{"name":"Iris Hanna, MD","skills":["Pediatricians"],"city":"Mountain View","address":"701 E El Camino Real, Mountain View","country":"US","state":"CA","voters":["chandan"],"type":"Doctor","permalink":"doctor_pediatricians_iris_hanna_md_mountain_view_ca_us1442035328248"}
{"name":"Gloria Lo, MD","skills":["Pediatricians"],"city":"Cupertino","address":"10050 Imperial Ave, Cupertino","country":"US","state":"CA","voters":["chandan"],"type":"Doctor","permalink":"doctor_pediatricians_gloria_lo_md_cupertino_ca_us1442035328261"}
{"name":"Benny Shao, OD, FCOVD","skills":["Optometrists","Pediatricians"],"city":"San Jose","address":"7246 Sharon Dr, San Jose","country":"US","state":"CA","voters":["chandan"],"type":"Doctor","permalink":"doctor_optometrists_benny_shao_od_fcovd_san_jose_ca_us1442035328275"}
{"name":"Hamaguchi &amp; Associates","skills":["Pediatricians"],"city":"Cupertino","address":"20111 Stevens Creek Blvd, Cupertino","country":"US","state":"CA","voters":["chandan"],"type":"Doctor","permalink":"doctor_pediatricians_hamaguchi_amp_associates_cupertino_ca_us1442035328290"}
{"name":"Altos Pediatric Associates","skills":["Pediatricians"],"city":"Los Altos","address":"842 Altos Oaks Dr, Los Altos","country":"US","state":"CA","voters":["chandan"],"type":"Doctor","permalink":"doctor_pediatricians_altos_pediatric_associates_los_altos_ca_us1442035328315"}
{"name":"Palo Alto Medical Foundation Sunnyvale Center","skills":["Internal Medicine","Family Practice"],"city":"Sunnyvale","address":"301 Old San Francisco Rd, Sunnyvale","country":"US","state":"CA","voters":["chandan"],"type":"Doctor","permalink":"doctor_internal_medicine_palo_alto_medical_foundation_sunnyvale_center_sunnyvale_ca_us1442035328333"}
{"name":"Mary Halpin, MD","skills":["Pediatricians"],"city":"Mountain View","address":"2500 Hospital Dr, Mountain View","country":"US","state":"CA","voters":["chandan"],"type":"Doctor","permalink":"doctor_pediatricians_mary_halpin_md_mountain_view_ca_us1442035328362"}
{"name":"Sarah DeHaan, MD","skills":["Pediatricians"],"city":"Santa Clara","address":"2652 El Camino Real, Santa Clara","country":"US","state":"CA","voters":["chandan"],"type":"Doctor","permalink":"doctor_pediatricians_sarah_dehaan_md_santa_clara_ca_us1442035328403"}
{"name":"Yoshida Takashi, MD","skills":["Pediatricians"],"city":"Sunnyvale","address":"877 W Fremont Ave, Sunnyvale","country":"US","state":"CA","voters":["chandan"],"type":"Doctor","permalink":"doctor_pediatricians_yoshida_takashi_md_sunnyvale_ca_us1442035328417"}
{"name":"Kim James, MD","skills":["Pediatricians"],"city":"Santa Clara","address":"2652 El Camino Real, Santa Clara","country":"US","state":"CA","voters":["chandan"],"type":"Doctor","permalink":"doctor_pediatricians_kim_james_md_santa_clara_ca_us1442035328473"}
{"name":"Lloyd Brown, MD","skills":["Pediatricians"],"city":"Los Altos","address":"370 Distel Cir, Los Altos","country":"US","state":"CA","voters":["chandan"],"type":"Doctor","permalink":"doctor_pediatricians_lloyd_brown_md_los_altos_ca_us1442035328488"}
{"name":"Allen Eskenazi, MD","skills":["Pediatricians"],"city":"Palo Alto","address":"795 El Camino Real, Palo Alto","country":"US","state":"CA","voters":["chandan"],"type":"Doctor","permalink":"doctor_pediatricians_allen_eskenazi_md_palo_alto_ca_us1442035328499"}
{"name":"Lukuang Lynnette","skills":["Psychiatrists","Pediatricians"],"city":"Palo Alto","address":"795 El Camino Real, Palo Alto","country":"US","state":"CA","voters":["chandan"],"type":"Doctor","permalink":"doctor_psychiatrists_lukuang_lynnette_palo_alto_ca_us1442035328519"}
{"name":"Strain Linda, MD","skills":["Cardiologists","Pediatricians"],"city":"Palo Alto","address":"795 El Camino Real, Palo Alto","country":"US","state":"CA","voters":["chandan"],"type":"Doctor","permalink":"doctor_cardiologists_strain_linda_md_palo_alto_ca_us1442035328529"}
{"name":"Julia Hallee, MD","skills":["Pediatricians","Internal Medicine"],"city":"Menlo Park","address":"1300 Crane Street, Menlo Park","country":"US","state":"CA","voters":["chandan"],"type":"Doctor","permalink":"doctor_pediatricians_julia_hallee_md_menlo_park_ca_us1442035328590"}
{"name":"Dr Suszanne Bernat , MD","skills":["Pediatricians"],"city":"Palo Alto","address":"795 El Camino Real, Palo Alto","country":"US","state":"CA","voters":["chandan"],"type":"Doctor","permalink":"doctor_pediatricians_dr_suszanne_bernat__md_palo_alto_ca_us1442035328630"}
{"name":"Barone Cara MD","skills":["Pediatricians"],"city":"Palo Alto","address":"795 El Camino Real, Palo Alto","country":"US","state":"CA","voters":["chandan"],"type":"Doctor","permalink":"doctor_pediatricians_barone_cara_md_palo_alto_ca_us1442035328649"}
{"name":"Goldman Erica, MD","skills":["Pediatricians"],"city":"Palo Alto","address":"795 El Camino Real, Palo Alto","country":"US","state":"CA","voters":["chandan"],"type":"Doctor","permalink":"doctor_pediatricians_goldman_erica_md_palo_alto_ca_us1442035328698"}
{"name":"Drucker Robin MD","skills":["Pediatricians"],"city":"Palo Alto","address":"795 El Camino Real, Palo Alto","country":"US","state":"CA","voters":["chandan"],"type":"Doctor","permalink":"doctor_pediatricians_drucker_robin_md_palo_alto_ca_us1442035328726"}
{"name":"Dr Nathan Luna, MD","skills":["Pediatricians"],"city":"Palo Alto","address":"725 Welch Rd, Palo Alto","country":"US","state":"CA","voters":["chandan"],"type":"Doctor","permalink":"doctor_pediatricians_dr_nathan_luna_md_palo_alto_ca_us1442035328741"}
{"name":"Michael Taymor, MD","skills":["Pediatricians"],"city":"Palo Alto","address":"145 N California Ave, Palo Alto","country":"US","state":"CA","voters":["chandan"],"type":"Doctor","permalink":"doctor_pediatricians_michael_taymor_md_palo_alto_ca_us1442035328753"}
{"name":"Harry Dennis, MD","skills":["Pediatricians"],"city":"Palo Alto","address":"795 El Camino Real, Palo Alto","country":"US","state":"CA","voters":["chandan"],"type":"Doctor","permalink":"doctor_pediatricians_harry_dennis_md_palo_alto_ca_us1442035328814"}
{"name":"Nathalie LynchMD","skills":["Pediatricians"],"city":"Palo Alto","address":"795 El Camino Real, Palo Alto","country":"US","state":"CA","voters":["chandan"],"type":"Doctor","permalink":"doctor_pediatricians_nathalie_lynchmd_palo_alto_ca_us1442035328842"}
{"name":"Kimberly C Jones, MD","skills":["Pediatricians"],"city":"Palo Alto","address":"795 El Camino Real, Palo Alto","country":"US","state":"CA","voters":["chandan"],"type":"Doctor","permalink":"doctor_pediatricians_kimberly_c_jones_md_palo_alto_ca_us1442035328866"}
{"name":"Glinder Kellen MD","skills":["Pediatricians"],"city":"Palo Alto","address":"795 El Camino Real, Palo Alto","country":"US","state":"CA","voters":["chandan"],"type":"Doctor","permalink":"doctor_pediatricians_glinder_kellen_md_palo_alto_ca_us1442035328889"}
{"name":"Mary Ann Carmack, MD PhD","skills":["Pediatricians"],"city":"Palo Alto","address":"795 El Camino Real, Palo Alto","country":"US","state":"CA","voters":["chandan"],"type":"Doctor","permalink":"doctor_pediatricians_mary_ann_carmack_md_phd_palo_alto_ca_us1442035328907"}
{"name":"Ross E Dehovitz, MD","skills":["Pediatricians"],"city":"Palo Alto","address":"795 El Camino Real, Palo Alto","country":"US","state":"CA","voters":["chandan"],"type":"Doctor","permalink":"doctor_pediatricians_ross_e_dehovitz_md_palo_alto_ca_us1442035328938"}
{"name":"Fong Remington, MD","skills":["Pediatricians"],"city":"Menlo Park","address":"1300 Crane St, Menlo Park","country":"US","state":"CA","voters":["chandan"],"type":"Doctor","permalink":"doctor_pediatricians_fong_remington_md_menlo_park_ca_us1442035328953"}
{"name":"Children’s Health Council","skills":["Counseling &amp; Mental Health","Pediatricians"],"city":"Palo Alto","address":"650 Clark Way, Palo Alto","country":"US","state":"CA","voters":["chandan"],"type":"Doctor","permalink":"doctor_counseling_amp_mental_health_childrens_health_council_palo_alto_ca_us1442035328972"}
{"name":"Teresa Tuan, MD","skills":["Pediatricians","Urgent Care"],"city":"Palo Alto","address":"795 El Camino Real, Palo Alto","country":"US","state":"CA","voters":["chandan"],"type":"Doctor","permalink":"doctor_pediatricians_teresa_tuan_md_palo_alto_ca_us1442035328989"}
{"name":"Marisa Cappiello, MD","skills":["Pediatricians"],"city":"Sunnyvale","address":"301 Old San Francisco Rd, Sunnyvale","country":"US","state":"CA","voters":["chandan"],"type":"Doctor","permalink":"doctor_pediatricians_marisa_cappiello_md_sunnyvale_ca_us1442035329002"}
{"name":"Qureshi Farda MD-Pediatrics","skills":["Pediatricians","Physical Therapy"],"city":"Sunnyvale","address":"500 E Remington Dr, Sunnyvale","country":"US","state":"CA","voters":["chandan"],"type":"Doctor","permalink":"doctor_pediatricians_qureshi_farda_mdpediatrics_sunnyvale_ca_us1442035329038"}
{"name":"Vijaya Jujare MD","skills":["Pediatricians"],"city":"Sunnyvale","address":"500 E Remington Dr, Sunnyvale","country":"US","state":"CA","voters":["chandan"],"type":"Doctor","permalink":"doctor_pediatricians_vijaya_jujare_md_sunnyvale_ca_us1442035329054"}
{"name":"Julianne O’Malley, MD","skills":["Pediatricians"],"city":"Sunnyvale","address":"301 Old San Francisco Rd, Sunnyvale","country":"US","state":"CA","voters":["chandan"],"type":"Doctor","permalink":"doctor_pediatricians_julianne_omalley_md_sunnyvale_ca_us1442035329077"}
{"name":"Chang H Cho, MD","skills":["Pediatricians"],"city":"Sunnyvale","address":"895 E Fremont Ave, Sunnyvale","country":"US","state":"CA","voters":["chandan"],"type":"Doctor","permalink":"doctor_pediatricians_chang_h_cho_md_sunnyvale_ca_us1442035329106"}
{"name":"RM Pediatrics","skills":["Pediatricians"],"city":"Sunnyvale","address":"939 W El Camino Real, Sunnyvale","country":"US","state":"CA","voters":["chandan"],"type":"Doctor","permalink":"doctor_pediatricians_rm_pediatrics_sunnyvale_ca_us1442035329135"}
{"name":"Wen-Jung Lin, MD","skills":["Pediatricians"],"city":"Mountain View","address":"515 South Dr, Mountain View","country":"US","state":"CA","voters":["chandan"],"type":"Doctor","permalink":"doctor_pediatricians_wenjung_lin_md_mountain_view_ca_us1442035329151"}
{"name":"Dr Katharine Padrez","skills":["Pediatricians"],"city":"Mountain View","address":"701 E El Camino Real, Mountain View","country":"US","state":"CA","voters":["chandan"],"type":"Doctor","permalink":"doctor_pediatricians_dr_katharine_padrez_mountain_view_ca_us1442035329192"}
