{"url":"file:///adredir?ad_business_id=WA1ziXlqhjsMxflNeGv7IQ&placement=above_search&redirect_url=http%3A%2F%2Fm.yelp.com%2Fbiz%2Fpatrick-f-mcevoy-dds-fagd-mountain-view-3&request_id=83b3122cae7eafcf&signature=dcb698b4b5fe83e15987d2043685456bc6a73671d63a93b3405afc4efeb09f61&slot=0","name":"Patrick F. McEvoy, DDS, FAGD","address":"105 South Dr, Mountain View","city":"Mountain View","state":"CA","country":"US"}
{"url":"file:///adredir?ad_business_id=gp3622GA5j8sMY5fjzTLnA&placement=above_search&redirect_url=http%3A%2F%2Fm.yelp.com%2Fbiz%2Fsunnyvale-smile-style-sunnyvale&request_id=83b3122cae7eafcf&signature=53aee6e6656597457841ca2e3225352f6743b88ac8c12ad0df722a8ffaa61bcd&slot=1","name":"Sunnyvale Smile Style","address":"895 E Fremont Ave, Sunnyvale","city":"Sunnyvale","state":"CA","country":"US"}
{"url":"file:///biz/arnel-lee-and-gary-lum-dds-cupertino-2","name":"1.Arnel Lee and Gary Lum, DDS","address":"10251 Torre Ave, Cupertino","city":"Cupertino","category":["General Dentistry","Cosmetic Dentists"],"state":"CA","country":"US"}
{"url":"file:///biz/cupertino-dental-group-cupertino-2","name":"2.Cupertino Dental Group","address":"10383 Torre Ave, Cupertino","city":"Cupertino","category":["General Dentistry"],"state":"CA","country":"US"}
{"url":"file:///biz/teresa-y-chan-dds-cupertino-3","name":"3.Teresa Y Chan, DDS","address":"10363 Torre Ave, Ste E, Cupertino","city":"Cupertino","category":["General Dentistry"],"state":"CA","country":"US"}
{"url":"file:///biz/patricia-e-lee-dds-cupertino","name":"4.Patricia E Lee, DDS","address":"10251 Torre Ave, Cupertino","city":"Cupertino","category":["General Dentistry"],"state":"CA","country":"US"}
{"url":"file:///biz/becky-gong-dds-cupertino","name":"5.Becky Gong, DDS","address":"10363 Torre Ave, Cupertino","city":"Cupertino","category":["General Dentistry","Cosmetic Dentists"],"state":"CA","country":"US"}
{"url":"file:///biz/davis-leon-dds-cupertino","name":"6.Davis Leon, DDS","address":"10430 S De Anza Blvd, Cupertino","city":"Cupertino","category":["General Dentistry"],"state":"CA","country":"US"}
{"url":"file:///biz/ellen-peng-dds-cupertino","name":"7.Ellen Peng, DDS","address":"19668 Stevens Creek Blvd, Cupertino","city":"Cupertino","category":["General Dentistry"],"state":"CA","country":"US"}
{"url":"file:///biz/alpine-dental-care-cupertino","name":"8.Alpine Dental Care","address":"19028 Stevens Creek Blvd, Cupertino","city":"Cupertino","category":["General Dentistry"],"state":"CA","country":"US"}
{"url":"file:///biz/neeshat-s-khan-dds-cupertino","name":"9.Neeshat S. Khan, DDS","address":"21672 Granada Ave, Cupertino","city":"Cupertino","category":["Endodontists","Orthodontists"],"state":"CA","country":"US"}
{"url":"file:///biz/john-h-brown-dds-cupertino","name":"10.John H Brown, DDS","address":"10090 Pasadena Ave, Cupertino","city":"Cupertino","category":["Cosmetic Dentists","Periodontists"],"state":"CA","country":"US"}
{"url":"file:///adredir?ad_business_id=E1egSehuPUi-FxeHKJjF_g&placement=below_search&redirect_url=http%3A%2F%2Fm.yelp.com%2Fbiz%2Fdouglas-r-maxson-dds-san-jose-2&request_id=83b3122cae7eafcf&signature=be5df75d5fe75d58a0ac1203776a41ec50a570bd90868abc3f43d682fe737e76&slot=0","name":"Douglas R Maxson, DDS","address":"1198 S De Anza Blvd, San Jose","city":"San Jose","state":"CA","country":"US"}
{"url":"file:///adredir?ad_business_id=S_NdTUNLaHUk31lVNXjvkw&placement=above_search&redirect_url=http%3A%2F%2Fm.yelp.com%2Fbiz%2Fearl-l-whetstone-dds-palo-alto&request_id=0e59c581984455de&signature=6f87d598585cbe21fe7e1e2d3aefde9cca28a0650393557f8a07128be604ca7e&slot=0","name":"Earl L Whetstone, DDS","address":"744 Middlefield Rd, Palo Alto","city":"Palo Alto","state":"CA","country":"US"}
{"url":"file:///adredir?ad_business_id=dWpVllWw0OTKxgTAd4cQFQ&placement=above_search&redirect_url=http%3A%2F%2Fm.yelp.com%2Fbiz%2Frabindra-sahdev-dds-palo-alto&request_id=0e59c581984455de&signature=f9653f7fd1942ad3ee03cb6087d0528a7e47e1e61b6d8b8b8646ef69cae8f52c&slot=1","name":"Rabindra Sahdev, DDS","address":"882 C Emerson St, Palo Alto","city":"Palo Alto","state":"CA","country":"US"}
{"url":"file:///biz/mulcahy-family-dentistry-palo-alto","name":"1.Mulcahy Family Dentistry","address":"1795 El Camino Real, Palo Alto","city":"Palo Alto","category":["General Dentistry"],"state":"CA","country":"US"}
{"url":"file:///biz/kris-s-hamamoto-dds-palo-alto","name":"2.Kris S Hamamoto, DDS","address":"409 Cambridge Ave, Palo Alto","city":"Palo Alto","category":["General Dentistry","Cosmetic Dentists"],"state":"CA","country":"US"}
{"url":"file:///biz/boyarsky-harvey-dmd-palo-alto","name":"3.Boyarsky Harvey, DMD","address":"888 Middlefield Rd, Palo Alto","city":"Palo Alto","category":["General Dentistry"],"state":"CA","country":"US"}
{"url":"file:///biz/gregory-tseng-dds-palo-alto","name":"4.Gregory Tseng, DDS","address":"251 High St, Palo Alto","city":"Palo Alto","category":["General Dentistry"],"state":"CA","country":"US"}
{"url":"file:///biz/ala-din-dds-palo-alto","name":"5.Ala Din, DDS","address":"905 Middlefield Rd, Palo Alto","city":"Palo Alto","category":["General Dentistry"],"state":"CA","country":"US"}
{"url":"file:///biz/dennis-wu-dds-palo-alto","name":"6.Dennis Wu, DDS","address":"4153 El Camino Way, Ste B, Palo Alto","city":"Palo Alto","category":["General Dentistry","Cosmetic Dentists"],"state":"CA","country":"US"}
{"url":"file:///biz/ihab-andrawess-dmd-palo-alto","name":"7.Ihab Andrawess, DMD","address":"655 Homer Ave, Palo Alto","city":"Palo Alto","category":["General Dentistry","Cosmetic Dentists"],"state":"CA","country":"US"}
{"url":"file:///biz/palo-alto-dental-group-palo-alto-2","name":"8.Palo Alto Dental Group","address":"511 Byron St, Palo Alto","city":"Palo Alto","category":["General Dentistry"],"state":"CA","country":"US"}
{"url":"file:///biz/scott-s-pyon-dds-palo-alto","name":"9.Scott S Pyon, DDS","address":"405 Cambridge Ave, Palo Alto","city":"Palo Alto","category":["General Dentistry"],"state":"CA","country":"US"}
{"url":"file:///biz/doran-lori-l-dds-palo-alto","name":"10.Doran Lori L, DDS","address":"660 Middlefield Rd, Palo Alto","city":"Palo Alto","category":["General Dentistry"],"state":"CA","country":"US"}
{"url":"file:///adredir?ad_business_id=YXSRY9iQWelBttRrhGyZSg&placement=below_search&redirect_url=http%3A%2F%2Fm.yelp.com%2Fbiz%2Fshireen-choudhury-dds-mountain-view&request_id=0e59c581984455de&signature=9d1f41889006e1c39f9b9e11530216a50d88f752e255a753da5be1e19ec9a68d&slot=0","name":"Shireen Choudhury, DDS","address":"2425 California St, Mountain View","city":"Mountain View","state":"CA","country":"US"}
{"url":"http://m.yelp.com/adredir?ad_business_id=S_NdTUNLaHUk31lVNXjvkw&placement=above_search&redirect_url=http%3A%2F%2Fm.yelp.com%2Fbiz%2Fearl-l-whetstone-dds-palo-alto&request_id=e68d93bdcfb9571e&signature=198f66b71558c6f3ff1c0fa6a943194b1c5a50ca511fde606656cfae0443103b&slot=0","name":"Earl L Whetstone, DDS","address":"744 Middlefield Rd, Palo Alto"}
{"url":"http://m.yelp.com/adredir?ad_business_id=hYmb1mWA0XvBx7cJLNHX-A&placement=above_search&redirect_url=http%3A%2F%2Fm.yelp.com%2Fbiz%2Fprima-dental-dr-ho-redwood-city&request_id=e68d93bdcfb9571e&signature=d8338d6daf2efec56289b1f4312c423270fcd82b264b5e5fc10209375f4c84ad&slot=1","name":"Prima Dental- Dr. Ho","address":"1690 Woodside Rd, Redwood City"}
{"url":"http://m.yelp.com/biz/phillip-t-fletcher-dds-palo-alto-2","name":"11.Phillip T. Fletcher, DDS","address":"4157 El Camino Way, Palo Alto","category":["General Dentistry"]}
{"url":"http://m.yelp.com/biz/nidhi-a-pai-dmd-palo-alto","name":"12.Nidhi A Pai, DMD","address":"2290 Birch St, Palo Alto","category":["Cosmetic Dentists", "General Dentistry"]}
{"url":"http://m.yelp.com/biz/sarah-nabai-dds-palo-alto","name":"13.Sarah Nabai, DDS","address":"826 Bryant St, Palo Alto","category":["General Dentistry"]}
{"url":"http://m.yelp.com/biz/dean-w-clark-dds-palo-alto","name":"14.Dean W Clark, DDS","address":"2875 Middlefield Rd, Palo Alto","category":["General Dentistry"]}
{"url":"http://m.yelp.com/biz/mckenna-family-dentistry-palo-alto","name":"15.McKenna Family Dentistry","address":"1691 El Camino Real, Palo Alto","category":["General Dentistry"]}
{"url":"http://m.yelp.com/biz/victoria-berezina-dds-palo-alto","name":"16.Victoria Berezina, DDS","address":"900 Welch Rd, Palo Alto","category":["General Dentistry"]}
{"url":"http://m.yelp.com/biz/christine-e-hansen-dds-palo-alto","name":"17.Christine E Hansen, DDS","address":"416 Waverley St, Palo Alto","category":["General Dentistry"]}
{"url":"http://m.yelp.com/biz/rabindra-sahdev-dds-palo-alto","name":"18.Rabindra Sahdev, DDS","address":"882 C Emerson St, Palo Alto","category":["General Dentistry"]}
{"url":"http://m.yelp.com/biz/palo-alto-advanced-dentists-palo-alto","name":"19.Palo Alto Advanced Dentists","address":"4191 El Camino Real, Palo Alto","category":["General Dentistry"]}
{"url":"http://m.yelp.com/biz/scott-c-baird-dmd-palo-alto","name":"20.Scott C Baird, DMD","address":"720 Cowper St, Palo Alto","category":["Oral Surgeons", "General Dentistry"]}
{"url":"http://m.yelp.com/adredir?ad_business_id=dWpVllWw0OTKxgTAd4cQFQ&placement=below_search&redirect_url=http%3A%2F%2Fm.yelp.com%2Fbiz%2Frabindra-sahdev-dds-palo-alto&request_id=e68d93bdcfb9571e&signature=69e12b05702c790ec37a55eadb9cb03dba23acac228c49d7425e43079f65bd9b&slot=0","name":"Rabindra Sahdev, DDS","address":"882 C Emerson St, Palo Alto"}
{"url":"http://m.yelp.com/adredir?ad_business_id=gPmGtzjjGcIPH8bg-2zPiw&placement=above_search&redirect_url=http%3A%2F%2Fm.yelp.com%2Fbiz%2Fjon-b-luhmann-dds-sunnyvale-2&request_id=922864c0ec8af9da&signature=3b7de5d7c88aaaebd6cf4c48070b6ac17056ef4a980a6b9c43e5d6d7e00caa40&slot=0","name":"Jon B Luhmann, DDS","address":"693 E Remington Dr, Sunnyvale","city":"Sunnyvale","state":"CA","country":"US"}
{"url":"http://m.yelp.com/adredir?ad_business_id=gp3622GA5j8sMY5fjzTLnA&placement=above_search&redirect_url=http%3A%2F%2Fm.yelp.com%2Fbiz%2Fsunnyvale-smile-style-sunnyvale&request_id=922864c0ec8af9da&signature=3aee16e103b77f66eefda59b989ec0fc6af95b609d0d317b626692218503afb6&slot=1","name":"Sunnyvale Smile Style","address":"895 E Fremont Ave, Sunnyvale","city":"Sunnyvale","state":"CA","country":"US"}
{"url":"http://m.yelp.com/biz/sunnyvale-town-center-dental-group-sunnyvale","name":"1.Sunnyvale Town Center Dental Group","address":"333 W Maude Ave, Sunnyvale","city":"Sunnyvale","category":["General Dentistry","Cosmetic Dentists"],"state":"CA","country":"US"}
{"url":"http://m.yelp.com/biz/esther-lee-dmd-sunnyvale-3","name":"2.Esther Lee, DMD","address":"1021 S Wolfe Rd, Sunnyvale","city":"Sunnyvale","category":["General Dentistry"],"state":"CA","country":"US"}
{"url":"http://m.yelp.com/biz/david-c-li-dds-sunnyvale-4","name":"3.David C Li, DDS","address":"990 W Fremont Ave, Sunnyvale","city":"Sunnyvale","category":["Cosmetic Dentists","General Dentistry"],"state":"CA","country":"US"}
{"url":"http://m.yelp.com/biz/sunnyvale-dental-aesthetics-dr-david-meng-dds-sunnyvale-5","name":"4.Sunnyvale Dental Aesthetics - Dr. David Meng, DDS","address":"1286 Kifer Rd, Sunnyvale","city":"Sunnyvale","category":["Cosmetic Dentists","General Dentistry"],"state":"CA","country":"US"}
{"url":"http://m.yelp.com/biz/barry-kliger-dds-sunnyvale","name":"5.Barry Kliger, DDS","address":"1260 Persian Dr, Sunnyvale","city":"Sunnyvale","category":["General Dentistry"],"state":"CA","country":"US"}
{"url":"http://m.yelp.com/biz/jennifer-wu-dds-sunnyvale","name":"6.Jennifer Wu, DDS","address":"877 W Fremont Ave, Sunnyvale","city":"Sunnyvale","category":["Dentists"],"state":"CA","country":"US"}
{"url":"http://m.yelp.com/biz/steven-bo-dds-sunnyvale","name":"7.Steven Bo, DDS","address":"1565 Hollenbeck Ave, Sunnyvale","city":"Sunnyvale","category":["General Dentistry","Cosmetic Dentists"],"state":"CA","country":"US"}
{"url":"http://m.yelp.com/biz/christopher-j-kim-dds-sunnyvale","name":"8.Christopher J Kim, DDS","address":"1002 E El Camino Real, Sunnyvale","city":"Sunnyvale","category":["General Dentistry","Cosmetic Dentists"],"state":"CA","country":"US"}
{"url":"http://m.yelp.com/biz/unique-dental-care-sunnyvale","name":"9.Unique Dental Care","address":"251 S Mary Ave, Sunnyvale","city":"Sunnyvale","category":["General Dentistry"],"state":"CA","country":"US"}
{"url":"http://m.yelp.com/biz/sunnyvale-smile-sunnyvale","name":"10.Sunnyvale Smile","address":"990 W Fremont Ave, Sunnyvale","city":"Sunnyvale","category":["General Dentistry"],"state":"CA","country":"US"}
{"url":"http://m.yelp.com/adredir?ad_business_id=FvRzI676Ol8irmUC161hVA&placement=below_search&redirect_url=http%3A%2F%2Fm.yelp.com%2Fbiz%2Fmy-dental-place-sunnyvale-2&request_id=922864c0ec8af9da&signature=2375c7e5776ce0d3709a21954b088baa247d4a0a711852c82eea63021019260c&slot=0","name":"MY Dental Place","address":"1269 W El Camino Real, Sunnyvale","city":"Sunnyvale","state":"CA","country":"US"}
{"url":"http://m.yelp.com/adredir?ad_business_id=XkaRKsOkvVB6jRXpAxqVaA&placement=above_search&redirect_url=http%3A%2F%2Fm.yelp.com%2Fbiz%2Frobert-w-timpe-dds-sunnyvale-2&request_id=2679233ee41b3bcc&signature=0dfb960cd64e0aa240564ab00d9e3577828546ee58ae05b282399ab714b7e708&slot=0","name":"RobertW Timpe, DDS","address":"516 W Remington Dr, Sunnyvale","city":"Sunnyvale","state":"CA","country":"US"}
{"url":"http://m.yelp.com/adredir?ad_business_id=Y7Xhi_anvbe_K3HyHl_Abg&placement=above_search&redirect_url=http%3A%2F%2Fm.yelp.com%2Fbiz%2Fshazi-hedayati-dds-sunnyvale&request_id=2679233ee41b3bcc&signature=8f5baa66971ee70e04c777d214ce1d2545e49d016b048fe0632fd3df21933608&slot=1","name":"Shazi Hedayati, DDS","address":"693 E Remington Dr, Sunnyvale","city":"Sunnyvale","state":"CA","country":"US"}
{"url":"http://m.yelp.com/biz/steven-bo-dds-sunnyvale","name":"11.Steven Bo, DDS","address":"1565 Hollenbeck Ave, Sunnyvale","city":"Sunnyvale","category":["General Dentistry","Cosmetic Dentists"],"state":"CA","country":"US"}
{"url":"http://m.yelp.com/biz/sunnyvale-smile-sunnyvale","name":"12.Sunnyvale Smile","address":"990 W Fremont Ave, Sunnyvale","city":"Sunnyvale","category":["General Dentistry"],"state":"CA","country":"US"}
{"url":"http://m.yelp.com/biz/john-ashton-vellequette-dds-sunnyvale-4","name":"13.John Ashton Vellequette, DDS","address":"877 W Fremont Ave, Ste L-3, Sunnyvale","city":"Sunnyvale","category":["Cosmetic Dentists","General Dentistry"],"state":"CA","country":"US"}
{"url":"http://m.yelp.com/biz/kifer-park-dental-sunnyvale-2","name":"14.Kifer Park Dental","address":"1296 Kifer Rd, Sunnyvale","city":"Sunnyvale","category":["Cosmetic Dentists","General Dentistry"],"state":"CA","country":"US"}
{"url":"http://m.yelp.com/biz/mary-dental-sunnyvale","name":"15.Mary Dental","address":"415 N Mary Ave, Sunnyvale","city":"Sunnyvale","category":["General Dentistry","Cosmetic Dentists"],"state":"CA","country":"US"}
{"url":"http://m.yelp.com/biz/alan-t-poon-dds-sunnyvale","name":"16.Alan T Poon, DDS","address":"425 E Remington Dr, Sunnyvale","city":"Sunnyvale","category":["Dentists"],"state":"CA","country":"US"}
{"url":"http://m.yelp.com/biz/dennis-macaulay-dds-sunnyvale-2","name":"17.Dennis Macaulay, DDS","address":"584 South Mathilda Avenue, Sunnyvale","city":"Sunnyvale","category":["Oral Surgeons","Endodontists"],"state":"CA","country":"US"}
{"url":"http://m.yelp.com/biz/barniv-dental-sunnyvale","name":"18.Barniv Dental","address":"1210 E Arques Ave, Sunnyvale","city":"Sunnyvale","category":["General Dentistry","Cosmetic Dentists"],"state":"CA","country":"US"}
{"url":"http://m.yelp.com/biz/ratna-indah-dmd-sunnyvale","name":"19.Ratna Indah, DMD","address":"877 W Fremont Ave, Sunnyvale","city":"Sunnyvale","category":["Cosmetic Dentists","General Dentistry"],"state":"CA","country":"US"}
{"url":"http://m.yelp.com/biz/michael-p-cheng-dds-sunnyvale","name":"20.Michael P Cheng, DDS","address":"1286 Kifer Rd, Sunnyvale","city":"Sunnyvale","category":["General Dentistry"],"state":"CA","country":"US"}
{"url":"http://m.yelp.com/adredir?ad_business_id=HX5qgnhBUuuPtp9fXTmR3g&placement=below_search&redirect_url=http%3A%2F%2Fm.yelp.com%2Fbiz%2Fb-and-t-dental-sunnyvale&request_id=2679233ee41b3bcc&signature=b0b702e21794c919ea25f96734c600bf6dcb31aade0351b174c27ca9fccfa293&slot=0","name":"B &amp; T Dental","address":"660 S Bernardo Ave, Sunnyvale","city":"Sunnyvale","state":"CA","country":"US"}
{"url":"http://m.yelp.com/adredir?ad_business_id=s4esGf9M5RBY_UJKjnbVow&placement=above_search&redirect_url=http%3A%2F%2Fm.yelp.com%2Fbiz%2Falicia-fishbein-dream-birth-doula-cupertino&request_id=9596dba16b2597ba&signature=6f72ea9da1f5050d5449ae952764104341c0ebdf406e5d6b5a890a235ac9853b&slot=0","name":"Alicia Fishbein- Dream Birth Doula","address":"Cupertino","city":"Cupertino","state":"CA","country":"US"}
{"url":"http://m.yelp.com/adredir?ad_business_id=eMUGnFGW1BuFlJeQHi9-JA&placement=above_search&redirect_url=http%3A%2F%2Fm.yelp.com%2Fbiz%2Fcare-first-pediatrics-los-gatos&request_id=9596dba16b2597ba&signature=32c248466fc329f3b6480e344a48ea2915c834c04a1488f63757ef2916b5675b&slot=1","name":"Care First Pediatrics","address":"812 Pollard Rd, Los Gatos","city":"Los Gatos","state":"CA","country":"US"}
{"url":"http://m.yelp.com/biz/todd-lewis-md-cupertino","name":"1.Todd Lewis, MD","address":"7225 Rainbow Dr, Cupertino","city":"Cupertino","category":["Pediatricians"],"state":"CA","country":"US"}
{"url":"http://m.yelp.com/biz/cupertino-pediatrics-cupertino-2","name":"2.Cupertino Pediatrics","address":"10430 South De Anza Blvd, Cupertino","city":"Cupertino","category":["Pediatricians"],"state":"CA","country":"US"}
{"url":"http://m.yelp.com/biz/gloria-f-lo-md-cupertino","name":"3.Gloria F Lo, MD","address":"10050 Imperial Ave, Cupertino","city":"Cupertino","category":["Pediatricians"],"state":"CA","country":"US"}
{"url":"http://m.yelp.com/biz/navneet-singh-md-san-jose","name":"4.Navneet Singh, MD","address":"7225 Rainbow Dr, San Jose","city":"San Jose","category":["Pediatricians"],"state":"CA","country":"US"}
{"url":"http://m.yelp.com/biz/kelly-a-troiano-md-san-jose","name":"5.Kelly A. Troiano, MD","address":"7225 Rainbow Dr, San Jose","city":"San Jose","category":["Pediatricians"],"state":"CA","country":"US"}
{"url":"http://m.yelp.com/biz/arti-jain-md-faap-sunnyvale","name":"6.Arti Jain, MD, FAAP","address":"860 E Remington Dr, Sunnyvale","city":"Sunnyvale","category":["Pediatricians"],"state":"CA","country":"US"}
{"url":"http://m.yelp.com/biz/elizabeth-copeland-md-san-jose","name":"7.Elizabeth Copeland, MD","address":"7225 Rainbow Dr, San Jose","city":"San Jose","category":["Pediatricians"],"state":"CA","country":"US"}
{"url":"http://m.yelp.com/biz/melanie-klein-md-sunnyvale","name":"8.Melanie Klein, MD","address":"301 Old San Francisco Rd, Sunnyvale","city":"Sunnyvale","category":["Pediatricians"],"state":"CA","country":"US"}
{"url":"http://m.yelp.com/biz/dr-patricia-lee-md-sunnyvale","name":"9.Dr. Patricia Lee, MD","address":"201 Old San Francisco Rd, Sunnyvale","city":"Sunnyvale","category":["Pediatricians"],"state":"CA","country":"US"}
{"url":"http://m.yelp.com/biz/anita-r-juvvadi-m-d-pediatrician-mountain-view","name":"10.Anita R. Juvvadi, M.D - Pediatrician","address":"2500 Hospital Dr # 14A, Mountain View","city":"Mountain View","category":["Pediatricians"],"state":"CA","country":"US"}
{"url":"http://m.yelp.com/adredir?ad_business_id=9oKI25BRGTAPtLvXi_GENA&placement=below_search&redirect_url=http%3A%2F%2Fm.yelp.com%2Fbiz%2Fsite-for-sore-eyes-cupertino-4&request_id=9596dba16b2597ba&signature=5ba5dfe672438c37a3328fd6d6b971d9f3405d421a3940c8cc289fec829b1b00&slot=0","name":"Site for Sore Eyes","address":"10123 North Wolfe Rd, Cupertino","city":"Cupertino","state":"CA","country":"US"}

{"url":"http://m.yelp.com/adredir?ad_business_id=XkaRKsOkvVB6jRXpAxqVaA&placement=above_search&redirect_url=http%3A%2F%2Fm.yelp.com%2Fbiz%2Frobert-w-timpe-dds-sunnyvale-2&request_id=7565b70cec62f608&signature=6f5068c6ccc97066922ee9a0e026d51f393d629f255bef30073970cee867ddde&slot=0","name":"RobertW Timpe, DDS","address":"516 W Remington Dr, Sunnyvale","city":"Sunnyvale","state":"CA","country":"US"}
{"url":"http://m.yelp.com/adredir?ad_business_id=s4esGf9M5RBY_UJKjnbVow&placement=above_search&redirect_url=http%3A%2F%2Fm.yelp.com%2Fbiz%2Falicia-fishbein-dream-birth-doula-cupertino&request_id=7565b70cec62f608&signature=016c4743ec638b7749e33317579adcc4dd619a5050a6625d8af1ff37da5b4ded&slot=1","name":"Alicia Fishbein- Dream Birth Doula","address":"Cupertino","city":"Cupertino","state":"CA","country":"US"}
{"url":"http://m.yelp.com/biz/iris-hanna-md-mountain-view","name":"11.Iris Hanna, MD","address":"701 E El Camino Real, Mountain View","city":"Mountain View","category":["Pediatricians"],"state":"CA","country":"US"}
{"url":"http://m.yelp.com/biz/gloria-lo-md-cupertino","name":"12.Gloria Lo, MD","address":"10050 Imperial Ave, Cupertino","city":"Cupertino","category":["Pediatricians"],"state":"CA","country":"US"}
{"url":"http://m.yelp.com/biz/benny-shao-od-fcovd-san-jose","name":"13.Benny Shao, OD, FCOVD","address":"7246 Sharon Dr, San Jose","city":"San Jose","category":["Optometrists","Pediatricians"],"state":"CA","country":"US"}
{"url":"http://m.yelp.com/biz/hamaguchi-and-associates-cupertino","name":"14.Hamaguchi &amp; Associates","address":"20111 Stevens Creek Blvd, Cupertino","city":"Cupertino","category":["Pediatricians"],"state":"CA","country":"US"}
{"url":"http://m.yelp.com/biz/altos-pediatric-associates-los-altos","name":"15.Altos Pediatric Associates","address":"842 Altos Oaks Dr, Los Altos","city":"Los Altos","category":["Pediatricians"],"state":"CA","country":"US"}
{"url":"http://m.yelp.com/biz/palo-alto-medical-foundation-sunnyvale-center-sunnyvale","name":"16.Palo Alto Medical Foundation Sunnyvale Center","address":"301 Old San Francisco Rd, Sunnyvale","city":"Sunnyvale","category":["Internal Medicine","Family Practice"],"state":"CA","country":"US"}
{"url":"http://m.yelp.com/biz/mary-halpin-md-mountain-view","name":"17.Mary Halpin, MD","address":"2500 Hospital Dr, Mountain View","city":"Mountain View","category":["Pediatricians"],"state":"CA","country":"US"}
{"url":"http://m.yelp.com/biz/sarah-dehaan-md-santa-clara","name":"18.Sarah DeHaan, MD","address":"2652 El Camino Real, Santa Clara","city":"Santa Clara","category":["Pediatricians"],"state":"CA","country":"US"}
{"url":"http://m.yelp.com/biz/yoshida-takashi-md-sunnyvale","name":"19.Yoshida Takashi, MD","address":"877 W Fremont Ave, Sunnyvale","city":"Sunnyvale","category":["Pediatricians"],"state":"CA","country":"US"}
{"url":"http://m.yelp.com/biz/kim-james-md-santa-clara","name":"20.Kim James, MD","address":"2652 El Camino Real, Santa Clara","city":"Santa Clara","category":["Pediatricians"],"state":"CA","country":"US"}
{"url":"http://m.yelp.com/adredir?ad_business_id=eMUGnFGW1BuFlJeQHi9-JA&placement=below_search&redirect_url=http%3A%2F%2Fm.yelp.com%2Fbiz%2Fcare-first-pediatrics-los-gatos&request_id=7565b70cec62f608&signature=61b72ac678cf5eb41cb1e82111576be876d382cdbdc3b11e12e868166fdb3d89&slot=0","name":"Care First Pediatrics","address":"812 Pollard Rd, Los Gatos","city":"Los Gatos","state":"CA","country":"US"}
{"url":"http://m.yelp.com/adredir?ad_business_id=SK5aytvRmsWW-NGq8CYiwg&placement=above_search&redirect_url=http%3A%2F%2Fm.yelp.com%2Fbiz%2Fmichael-taymor-md-palo-alto&request_id=6b1d821a2eb5cc20&signature=15af5ef7b2e4d664ee3ae154070bc1e51ce7c4c4e11421005300c4117406fdff&slot=0","name":"Michael Taymor, MD","address":"145 N California Ave, Palo Alto","city":"Palo Alto","state":"CA","country":"US"}
{"url":"http://m.yelp.com/adredir?ad_business_id=nqTT4YSoM3LrN-b4-h5QFQ&placement=above_search&redirect_url=http%3A%2F%2Fm.yelp.com%2Fbiz%2Ftiferes-medical-group-palo-alto-4&request_id=6b1d821a2eb5cc20&signature=6cc463c1ddf701dc18cb20ede0d8c94ac2fb5cdfae7ffb7aec2a7f7d567f0b1d&slot=1","name":"Tiferes Medical Group","address":"3301 Alma St, Palo Alto","city":"Palo Alto","state":"CA","country":"US"}
{"url":"http://m.yelp.com/biz/lloyd-brown-md-los-altos","name":"11.Lloyd Brown, MD","address":"370 Distel Cir, Los Altos","city":"Los Altos","category":["Pediatricians"],"state":"CA","country":"US"}
{"url":"http://m.yelp.com/biz/allen-eskenazi-md-palo-alto","name":"12.Allen Eskenazi, MD","address":"795 El Camino Real, Palo Alto","city":"Palo Alto","category":["Pediatricians"],"state":"CA","country":"US"}
{"url":"http://m.yelp.com/biz/lukuang-lynnette-palo-alto","name":"13.Lukuang Lynnette","address":"795 El Camino Real, Palo Alto","city":"Palo Alto","category":["Psychiatrists","Pediatricians"],"state":"CA","country":"US"}
{"url":"http://m.yelp.com/biz/strain-linda-md-palo-alto","name":"14.Strain Linda, MD","address":"795 El Camino Real, Palo Alto","city":"Palo Alto","category":["Cardiologists","Pediatricians"],"state":"CA","country":"US"}
{"url":"http://m.yelp.com/biz/julia-hallee-md-menlo-park","name":"15.Julia Hallee, MD","address":"1300 Crane Street, Menlo Park","city":"Menlo Park","category":["Pediatricians","Internal Medicine"],"state":"CA","country":"US"}
{"url":"http://m.yelp.com/biz/dr-suszanne-bernat-md-palo-alto","name":"16.Dr. Suszanne Bernat , MD","address":"795 El Camino Real, Palo Alto","city":"Palo Alto","category":["Pediatricians"],"state":"CA","country":"US"}
{"url":"http://m.yelp.com/biz/barone-cara-md-palo-alto","name":"17.Barone Cara MD","address":"795 El Camino Real, Palo Alto","city":"Palo Alto","category":["Pediatricians"],"state":"CA","country":"US"}
{"url":"http://m.yelp.com/biz/goldman-erica-md-palo-alto","name":"18.Goldman Erica, MD","address":"795 El Camino Real, Palo Alto","city":"Palo Alto","category":["Pediatricians"],"state":"CA","country":"US"}
{"url":"http://m.yelp.com/biz/drucker-robin-md-palo-alto","name":"19.Drucker Robin MD","address":"795 El Camino Real, Palo Alto","city":"Palo Alto","category":["Pediatricians"],"state":"CA","country":"US"}
{"url":"http://m.yelp.com/biz/dr-nathan-luna-md-palo-alto","name":"20.Dr Nathan Luna, MD","address":"725 Welch Rd, Palo Alto","city":"Palo Alto","category":["Pediatricians"],"state":"CA","country":"US"}
{"url":"http://m.yelp.com/adredir?ad_business_id=dWpVllWw0OTKxgTAd4cQFQ&placement=below_search&redirect_url=http%3A%2F%2Fm.yelp.com%2Fbiz%2Frabindra-sahdev-dds-palo-alto&request_id=6b1d821a2eb5cc20&signature=6843624dd82f4161438c7a57ece057939a82dabb68c1cd0e303481e28fe88bd6&slot=0","name":"Rabindra Sahdev, DDS","address":"882 C Emerson St, Palo Alto","city":"Palo Alto","state":"CA","country":"US"}

{"url":"http://m.yelp.com/adredir?ad_business_id=SK5aytvRmsWW-NGq8CYiwg&placement=above_search&redirect_url=http%3A%2F%2Fm.yelp.com%2Fbiz%2Fmichael-taymor-md-palo-alto&request_id=48be21895541d17b&signature=ac0c1905d42a78e490ed6147c8803507fc0900ceba57989ba91c817f31b63f7b&slot=0","name":"Michael Taymor, MD","address":"145 N California Ave, Palo Alto","city":"Palo Alto","state":"CA","country":"US"}
{"url":"http://m.yelp.com/adredir?ad_business_id=dWpVllWw0OTKxgTAd4cQFQ&placement=above_search&redirect_url=http%3A%2F%2Fm.yelp.com%2Fbiz%2Frabindra-sahdev-dds-palo-alto&request_id=48be21895541d17b&signature=ec43e04a4b2de6c63227287597ddcb4235a1c07baf47a423c3dbad9ea376b2ca&slot=1","name":"Rabindra Sahdev, DDS","address":"882 C Emerson St, Palo Alto","city":"Palo Alto","state":"CA","country":"US"}
{"url":"http://m.yelp.com/biz/michael-taymor-md-palo-alto","name":"1.Michael Taymor, MD","address":"145 N California Ave, Palo Alto","city":"Palo Alto","category":["Pediatricians"],"state":"CA","country":"US"}
{"url":"http://m.yelp.com/biz/harry-dennis-md-palo-alto","name":"2.Harry Dennis, MD","address":"795 El Camino Real, Palo Alto","city":"Palo Alto","category":["Pediatricians"],"state":"CA","country":"US"}
{"url":"http://m.yelp.com/biz/nathalie-lynch-md-palo-alto","name":"3.Nathalie LynchMD","address":"795 El Camino Real, Palo Alto","city":"Palo Alto","category":["Pediatricians"],"state":"CA","country":"US"}
{"url":"http://m.yelp.com/biz/kimberly-c-jones-md-palo-alto","name":"4.Kimberly C. Jones, MD","address":"795 El Camino Real, Palo Alto","city":"Palo Alto","category":["Pediatricians"],"state":"CA","country":"US"}
{"url":"http://m.yelp.com/biz/glinder-kellen-md-palo-alto","name":"5.Glinder Kellen MD","address":"795 El Camino Real, Palo Alto","city":"Palo Alto","category":["Pediatricians"],"state":"CA","country":"US"}
{"url":"http://m.yelp.com/biz/mary-ann-carmack-md-phd-palo-alto","name":"6.Mary Ann Carmack, MD PhD","address":"795 El Camino Real, Palo Alto","city":"Palo Alto","category":["Pediatricians"],"state":"CA","country":"US"}
{"url":"http://m.yelp.com/biz/ross-e-dehovitz-md-palo-alto","name":"7.Ross E Dehovitz, MD","address":"795 El Camino Real, Palo Alto","city":"Palo Alto","category":["Pediatricians"],"state":"CA","country":"US"}
{"url":"http://m.yelp.com/biz/fong-remington-md-menlo-park","name":"8.Fong Remington, MD","address":"1300 Crane St, Menlo Park","city":"Menlo Park","category":["Pediatricians"],"state":"CA","country":"US"}
{"url":"http://m.yelp.com/biz/childrens-health-council-palo-alto","name":"9.Children’s Health Council","address":"650 Clark Way, Palo Alto","city":"Palo Alto","category":["Counseling &amp; Mental Health","Pediatricians"],"state":"CA","country":"US"}
{"url":"http://m.yelp.com/biz/teresa-tuan-md-palo-alto","name":"10.Teresa Tuan, MD","address":"795 El Camino Real, Palo Alto","city":"Palo Alto","category":["Pediatricians","Urgent Care"],"state":"CA","country":"US"}
{"url":"http://m.yelp.com/adredir?ad_business_id=nqTT4YSoM3LrN-b4-h5QFQ&placement=below_search&redirect_url=http%3A%2F%2Fm.yelp.com%2Fbiz%2Ftiferes-medical-group-palo-alto-4&request_id=48be21895541d17b&signature=03905bb5ecfd921818a4a425c01958acb7be48334daa4e5b5df677e9771fb251&slot=0","name":"Tiferes Medical Group","address":"3301 Alma St, Palo Alto","city":"Palo Alto","state":"CA","country":"US"}
{"url":"http://m.yelp.com/adredir?ad_business_id=XkaRKsOkvVB6jRXpAxqVaA&placement=above_search&redirect_url=http%3A%2F%2Fm.yelp.com%2Fbiz%2Frobert-w-timpe-dds-sunnyvale-2&request_id=3d8f89e543128cd9&signature=68ed8c5dc2288623354f1f99223d0acd838d4539fb612b09c01cbf41e9fbb40c&slot=0","name":"RobertW Timpe, DDS","address":"516 W Remington Dr, Sunnyvale","city":"Sunnyvale","state":"CA","country":"US"}
{"url":"http://m.yelp.com/adredir?ad_business_id=_Gr6UHEue6fu9fd74qSUww&placement=above_search&redirect_url=http%3A%2F%2Fm.yelp.com%2Fbiz%2Funison-health-connection-sunnyvale&request_id=3d8f89e543128cd9&signature=7672b022a89a16eeb41760c0df91fa9fe3d044485ade662dadfb93f875a2274d&slot=1","name":"Unison Health Connection","address":"441 De Guigne Dr, Sunnyvale","city":"Sunnyvale","state":"CA","country":"US"}
{"url":"http://m.yelp.com/biz/melanie-klein-md-sunnyvale","name":"1.Melanie Klein, MD","address":"301 Old San Francisco Rd, Sunnyvale","city":"Sunnyvale","category":["Pediatricians"],"state":"CA","country":"US"}
{"url":"http://m.yelp.com/biz/arti-jain-md-faap-sunnyvale","name":"2.Arti Jain, MD, FAAP","address":"860 E Remington Dr, Sunnyvale","city":"Sunnyvale","category":["Pediatricians"],"state":"CA","country":"US"}
{"url":"http://m.yelp.com/biz/dr-patricia-lee-md-sunnyvale","name":"3.Dr. Patricia Lee, MD","address":"201 Old San Francisco Rd, Sunnyvale","city":"Sunnyvale","category":["Pediatricians"],"state":"CA","country":"US"}
{"url":"http://m.yelp.com/biz/palo-alto-medical-foundation-sunnyvale-center-sunnyvale","name":"4.Palo Alto Medical Foundation Sunnyvale Center","address":"301 Old San Francisco Rd, Sunnyvale","city":"Sunnyvale","category":["Internal Medicine","Family Practice"],"state":"CA","country":"US"}
{"url":"http://m.yelp.com/biz/marisa-cappiello-md-sunnyvale","name":"5.Marisa Cappiello, MD","address":"301 Old San Francisco Rd, Sunnyvale","city":"Sunnyvale","category":["Pediatricians"],"state":"CA","country":"US"}
{"url":"http://m.yelp.com/biz/qureshi-farda-md-pediatrics-sunnyvale","name":"6.Qureshi Farda MD-Pediatrics","address":"500 E Remington Dr, Sunnyvale","city":"Sunnyvale","category":["Pediatricians","Physical Therapy"],"state":"CA","country":"US"}
{"url":"http://m.yelp.com/biz/vijaya-jujare-md-sunnyvale","name":"7.Vijaya Jujare MD","address":"500 E Remington Dr, Sunnyvale","city":"Sunnyvale","category":["Pediatricians"],"state":"CA","country":"US"}
{"url":"http://m.yelp.com/biz/yoshida-takashi-md-sunnyvale","name":"8.Yoshida Takashi, MD","address":"877 W Fremont Ave, Sunnyvale","city":"Sunnyvale","category":["Pediatricians"],"state":"CA","country":"US"}
{"url":"http://m.yelp.com/biz/julianne-o-malley-md-sunnyvale","name":"9.Julianne O’Malley, MD","address":"301 Old San Francisco Rd, Sunnyvale","city":"Sunnyvale","category":["Pediatricians"],"state":"CA","country":"US"}
{"url":"http://m.yelp.com/biz/iris-hanna-md-mountain-view","name":"10.Iris Hanna, MD","address":"701 E El Camino Real, Mountain View","city":"Mountain View","category":["Pediatricians"],"state":"CA","country":"US"}
{"url":"http://m.yelp.com/adredir?ad_business_id=Z6roihZsuD7z3cr9axb7oQ&placement=below_search&redirect_url=http%3A%2F%2Fm.yelp.com%2Fbiz%2Fkathryn-c-riley-d-c-mountain-view&request_id=3d8f89e543128cd9&signature=64285bcb0508469824de547f9fa2ee53450c60a823e5354762c4c614cd3a4c86&slot=0","name":"Kathryn C. Riley, D.C.","address":"820 East El Camino Real, Mountain View","city":"Mountain View","state":"CA","country":"US"}

{"url":"http://m.yelp.com/adredir?ad_business_id=XkaRKsOkvVB6jRXpAxqVaA&placement=above_search&redirect_url=http%3A%2F%2Fm.yelp.com%2Fbiz%2Frobert-w-timpe-dds-sunnyvale-2&request_id=1240252769c0d528&signature=fec1170bcbd8a7a9467de2d2e52cb096467cb7d281311d6fcb11974c447fca13&slot=0","name":"RobertW Timpe, DDS","address":"516 W Remington Dr, Sunnyvale","city":"Sunnyvale","state":"CA","country":"US"}
{"url":"http://m.yelp.com/adredir?ad_business_id=_Gr6UHEue6fu9fd74qSUww&placement=above_search&redirect_url=http%3A%2F%2Fm.yelp.com%2Fbiz%2Funison-health-connection-sunnyvale&request_id=1240252769c0d528&signature=4d31b25d8dbeed6c8214ac27b86595da0785eea2ad9c59c189f04678bccf4c9e&slot=1","name":"Unison Health Connection","address":"441 De Guigne Dr, Sunnyvale","city":"Sunnyvale","state":"CA","country":"US"}
{"url":"http://m.yelp.com/biz/anita-r-juvvadi-m-d-pediatrician-mountain-view","name":"11.Anita R. Juvvadi, M.D - Pediatrician","address":"2500 Hospital Dr # 14A, Mountain View","city":"Mountain View","category":["Pediatricians"],"state":"CA","country":"US"}
{"url":"http://m.yelp.com/biz/chang-h-cho-md-sunnyvale","name":"12.Chang H Cho, MD","address":"895 E Fremont Ave, Sunnyvale","city":"Sunnyvale","category":["Pediatricians"],"state":"CA","country":"US"}
{"url":"http://m.yelp.com/biz/rm-pediatrics-sunnyvale","name":"13.RM Pediatrics","address":"939 W El Camino Real, Sunnyvale","city":"Sunnyvale","category":["Pediatricians"],"state":"CA","country":"US"}
{"url":"http://m.yelp.com/biz/sarah-dehaan-md-santa-clara","name":"14.Sarah DeHaan, MD","address":"2652 El Camino Real, Santa Clara","city":"Santa Clara","category":["Pediatricians"],"state":"CA","country":"US"}
{"url":"http://m.yelp.com/biz/lloyd-brown-md-los-altos","name":"15.Lloyd Brown, MD","address":"370 Distel Cir, Los Altos","city":"Los Altos","category":["Pediatricians"],"state":"CA","country":"US"}
{"url":"http://m.yelp.com/biz/kim-james-md-santa-clara","name":"16.Kim James, MD","address":"2652 El Camino Real, Santa Clara","city":"Santa Clara","category":["Pediatricians"],"state":"CA","country":"US"}
{"url":"http://m.yelp.com/biz/mary-halpin-md-mountain-view","name":"17.Mary Halpin, MD","address":"2500 Hospital Dr, Mountain View","city":"Mountain View","category":["Pediatricians"],"state":"CA","country":"US"}
{"url":"http://m.yelp.com/biz/altos-pediatric-associates-los-altos","name":"18.Altos Pediatric Associates","address":"842 Altos Oaks Dr, Los Altos","city":"Los Altos","category":["Pediatricians"],"state":"CA","country":"US"}
{"url":"http://m.yelp.com/biz/wen-jung-lin-md-mountain-view","name":"19.Wen-Jung Lin, MD","address":"515 South Dr, Mountain View","city":"Mountain View","category":["Pediatricians"],"state":"CA","country":"US"}
{"url":"http://m.yelp.com/biz/dr-katharine-padrez-mountain-view","name":"20.Dr Katharine Padrez","address":"701 E El Camino Real, Mountain View","city":"Mountain View","category":["Pediatricians"],"state":"CA","country":"US"}
{"url":"http://m.yelp.com/adredir?ad_business_id=eMUGnFGW1BuFlJeQHi9-JA&placement=below_search&redirect_url=http%3A%2F%2Fm.yelp.com%2Fbiz%2Fcare-first-pediatrics-los-gatos&request_id=1240252769c0d528&signature=e942cf1a922400b6c0958375347290d5784e6934fe297879b8d31b1fab89d8aa&slot=0","name":"Care First Pediatrics","address":"812 Pollard Rd, Los Gatos","city":"Los Gatos","state":"CA","country":"US"}
